[
  {
    "id": 1,
    "text": null,
    "date": null,
    "priority": "medium",
    "completed": true,
    "tags": []
  },
  {
    "id": 3,
    "title": "bdfbffssrd",
    "date": "",
    "priority": "medium",
    "completed": false,
    "tags": []
  },
  {
    "id": 2,
    "text": null,
    "date": null,
    "priority": "medium",
    "completed": true,
    "tags": []
  },
  {
    "id": 4,
    "title": "cxfxfdxcr",
    "date": "",
    "priority": "medium",
    "completed": false,
    "tags": []
  },
  {
    "id": 5,
    "title": "gggffff",
    "date": "",
    "priority": "medium",
    "completed": false,
    "tags": []
  }
]