{
  "configurations": [
    {
      "type": "debugpy",
      "request": "launch",
      "name": "Launch Flask App",
      "program": "${workspaceFolder}/${input:programPath}",
      "env": {
        "FLASK_APP": "${workspaceFolder}/${input:programPath}",
        "FLASK_ENV": "development"
      },
      "args": [
        "run"
      ],
      "jinja": true
    }
  ],
  "inputs": [
    {
      "type": "pickString",
      "id": "programPath",
      "description": "Select the main Flask application file",
      "options": [
        "app.py",
        "auth.py"
      ]
    }
  ]
}